{"train/epoch_loss":11.545542973059195,"train/learning_rate":1e-05,"epoch":0,"_timestamp":1.7751482263713338e+09,"valid/loss":12.858751501355853,"_wandb":{"runtime":166},"_runtime":166,"_step":1}